Country Name,CO2_emissions,health_spending,GNI,DPT_vax,Measles_vax,HIV_incidence,TB_incidence,life_expectancy,cell_subs,safe_water_pct,safe_sanitation_pct,poverty_rate
Afghanistan,0.20332756899999999,228.1847839,2090.0,66.0,64.0,0.07,189.0,64.13,65.92913406,25.08389212,57.94876916857851,4.530555555555556
Albania,1.9488720380000002,645.4707642000001,12800.0,99.0,96.0,0.07,20.0,78.333,125.7103519,70.63694219,47.05228993,1.3
Algeria,3.505747662,970.2682494999999,11560.0,91.0,88.0,0.07,70.0,76.499,110.76724650000001,74.57496533,18.29457734,4.530555555555556
Angola,1.0343173,185.6510162,6860.0,56.0,42.0,1.33,359.0,60.379,44.68610714,72.09441406816394,57.94876916857851,4.530555555555556
Antigua and Barbuda,5.239717055,1274.503418,18780.0,95.0,99.0,0.9936923076923078,1.2,76.752,192.819567,72.09441406816394,57.94876916857851,4.530555555555556
Argentina,4.089471516000001,2184.919189,23000.0,86.0,89.0,0.24,27.0,76.372,140.8771235,72.09441406816394,57.94876916857851,0.9
Armenia,1.806581049,996.9830322,12540.0,94.0,96.0,0.16,36.0,74.797,118.4642306,85.42311993,64.61479069,0.9
Aruba,4.140249228967392,1449.1322523124295,36750.0,87.67213114754098,87.0327868852459,0.9936923076923078,8.7,76.01,107.72459359056994,72.09441406816394,57.94876916857851,4.530555555555556
Australia,15.738647400000001,4725.449707,47160.0,95.0,95.0,0.07,6.7,82.5,108.44178190000001,72.09441406816394,71.35875683,4.530555555555556
Austria,7.482751479,5674.062011999999,53660.0,90.0,96.0,0.9936923076923078,7.3,81.64390244,123.11929579999999,98.90619826,99.63759412,0.3
Azerbaijan,3.2443569039999995,655.4160767000001,13510.0,95.0,98.0,0.08,66.0,72.693,102.86105479999999,86.38904431,22.78796404,4.530555555555556
"Bahamas, The",5.6319728410000005,2128.264404,35250.0,94.0,90.0,0.54,15.0,73.554,92.60913413,72.09441406816394,57.94876916857851,4.530555555555556
Bahrain,20.33362404,2263.042969,45030.0,97.0,99.0,0.9936923076923078,12.0,77.032,158.2568089,98.98326213,88.80685521,4.530555555555556
Bangladesh,0.492906613,97.28712463,4340.0,98.0,97.0,0.9936923076923078,221.0,72.05199999999999,94.5264735,57.15407412,35.68556584,4.530555555555556
Barbados,4.192447306,1204.4160160000001,15080.0,90.0,92.0,0.9936923076923078,0.0,78.98100000000001,115.1391179,72.09441406816394,57.94876916857851,4.530555555555556
Belarus,5.921082,1095.046143,17580.0,97.0,97.0,0.36,37.0,74.12926829,120.7921902,94.53652766,74.58773863,0.0
Belgium,8.155491115,5289.400390999999,50900.0,98.0,96.0,0.9936923076923078,9.2,81.49268293,99.45303522,99.81466773,86.1781663,0.1
Belize,1.7297584990000001,482.94006349999995,6710.0,88.0,90.0,0.95,36.0,74.365,63.72026431,72.09441406816394,57.94876916857851,4.530555555555556
Benin,0.65860166,82.49481201,3010.0,76.0,70.0,0.39,58.0,61.174,78.50459562,72.09441406816394,57.94876916857851,4.530555555555556
Bermuda,4.140249228967392,1449.1322523124295,85190.0,87.67213114754098,87.0327868852459,0.9936923076923078,3.6,81.44195122,103.0896604,72.09441406816394,57.94876916857851,4.530555555555556
Bhutan,1.783886808,314.5932617,10170.0,98.0,97.0,0.17,145.0,71.12899999999999,97.99614519,36.1630326,63.47546086,1.5
Bolivia,1.987875656,485.47204589999996,8170.0,84.0,83.0,0.17,111.0,70.945,97.94841441,72.09441406816394,48.48564858,6.5
Bosnia and Herzegovina,6.758099426,1226.752319,13640.0,75.0,69.0,0.9936923076923078,29.0,77.128,102.64237920000001,88.84189492,38.64421651,4.530555555555556
Botswana,3.5690379830000003,1091.0469970000001,15900.0,95.0,97.0,8.98,300.0,68.812,146.96015559999998,72.09441406816394,57.94876916857851,4.530555555555556
Brazil,2.164421504,1482.533325,14250.0,89.0,91.0,0.9936923076923078,44.0,75.456,106.4644877,83.52582053,45.85641823,4.4
Brunei Darussalam,15.80753909,1811.4364010000002,64620.0,99.0,97.0,0.9936923076923078,64.0,75.585,128.3313662,72.09441406816394,57.94876916857851,4.530555555555556
Bulgaria,6.223901903,1575.110229,20870.0,92.0,94.0,0.9936923076923078,25.0,74.81463415,120.14044740000001,97.39650613,66.79304934,1.4
Burkina Faso,0.212053871,129.01049809999998,1970.0,91.0,88.0,0.11,49.0,60.768,93.50365342,72.09441406816394,57.94876916857851,4.530555555555556
Burundi,0.052646114,59.39506149,770.0,91.0,90.0,0.24,114.0,60.898,54.68367609,72.09441406816394,57.94876916857851,4.530555555555556
Cabo Verde,1.097676461,375.52709960000004,6410.0,96.0,96.0,0.9936923076923078,58.0,72.57,113.909075,72.09441406816394,57.94876916857851,4.530555555555556
Cambodia,0.7102071759999999,238.10375980000003,3680.0,93.0,84.0,0.13,329.0,69.289,116.0128584,26.00063412,57.94876916857851,4.530555555555556
Cameroon,0.338678511,127.29545590000001,3490.0,74.0,65.0,1.33,194.0,58.511,81.96421137,72.09441406816394,57.94876916857851,4.530555555555556
Canada,15.38529105,5023.351074,47700.0,91.0,90.0,0.9936923076923078,5.6,81.9,86.28149306,98.92850562,83.5785755,0.2
Central African Republic,0.067449619,54.73753357,960.0,47.0,49.0,0.9936923076923078,540.0,52.24,25.57404521,6.487937575,14.63759225,4.530555555555556
Chad,0.067924102,85.68202972,1570.0,41.0,37.0,0.47,143.0,53.711999999999996,42.40996705,5.568481244,9.625769072,4.530555555555556
Channel Islands,4.140249228967392,1449.1322523124295,20412.66304347826,87.67213114754098,87.0327868852459,0.9936923076923078,109.91783505154638,82.766,107.72459359056994,91.975,81.5,4.530555555555556
Chile,4.712395783,2193.382568,23460.0,93.0,93.0,0.46,17.0,79.90899999999999,124.5944777,98.77024025,74.37180759,0.3
China,7.225768991,837.7727051,14330.0,99.0,99.0,0.9936923076923078,62.0,76.47,103.4384208,72.09441406816394,60.09072637,4.530555555555556
Colombia,1.5551061659999998,1114.096191,13910.0,92.0,93.0,0.32,33.0,76.925,127.2136962,72.74865169,17.86728223,4.0
Comoros,0.307166816,131.1263428,3050.0,91.0,90.0,0.02,35.0,63.912,57.613786600000005,72.09441406816394,57.94876916857851,4.530555555555556
"Congo, Dem. Rep.",0.028010253,36.94486618,1030.0,57.0,57.0,0.38,322.0,60.026,43.45919307,17.3445372,14.09448759,4.530555555555556
"Congo, Rep.",0.630050555,169.05439760000002,3650.0,69.0,70.0,2.86,376.0,63.95399999999999,98.92979331,45.35481313,57.94876916857851,4.530555555555556
Costa Rica,1.6525402759999999,1244.150269,19280.0,96.0,96.0,0.42,9.6,79.914,178.5944273,80.53079246,31.00045795,1.1
Cote d'Ivoire,0.42475746799999997,174.63523869999997,4690.0,83.0,70.0,0.66,148.0,57.016999999999996,129.91211040000002,35.01650849,57.94876916857851,4.530555555555556
Croatia,4.2380576119999995,1773.441772,26410.0,92.0,89.0,0.04,10.0,77.82682927,103.1730226,72.09441406816394,71.69353866,0.5
Cuba,2.262053371,2517.681641,20412.66304347826,99.0,99.0,0.33,7.2,78.66199999999999,40.68858498,72.09441406816394,36.98810077,4.530555555555556
Curacao,4.140249228967392,1449.1322523124295,25690.0,87.67213114754098,87.0327868852459,0.9936923076923078,6.4,78.01707317,115.5478188,72.09441406816394,57.94876916857851,4.530555555555556
Cyprus,6.188092584,2498.465088,36810.0,97.0,90.0,0.9936923076923078,5.1,80.672,136.17229809999998,99.75333101,76.99207458,0.0
Czech Republic,9.761725917,2753.383789,36630.0,96.0,97.0,0.9936923076923078,5.4,78.97804878,118.75123229999998,97.88131644,83.60172238,0.0
Denmark,5.78145978,5589.411133,56570.0,98.0,97.0,0.06,5.1,81.10243902,124.57288329999999,96.73467406,91.36491906,0.1
Djibouti,0.49782862,134.433197,5100.0,76.0,81.0,0.19,272.0,65.893,39.51407638,72.09441406816394,35.43612633,17.0
Dominican Republic,2.224840963,954.5252686000001,15940.0,84.0,86.0,0.58,46.0,73.689,83.41139781,72.09441406816394,57.94876916857851,0.7
Ecuador,2.249579931,949.689148,11360.0,85.0,81.0,0.24,43.0,76.584,87.28679711,66.18117482,41.81090851,3.2
"Egypt, Arab Rep.",2.4749439019999997,661.4362792999999,10800.0,94.0,94.0,0.05,13.0,71.656,106.7559394,72.09441406816394,64.58175593,3.8
El Salvador,0.998728265,576.2373047,7980.0,85.0,85.0,0.28,72.0,72.872,148.3697097,72.09441406816394,57.94876916857851,1.9
Equatorial Guinea,4.461144462,738.4888916,16600.0,53.0,53.0,0.9936923076923078,181.0,58.06100000000001,44.85832828,72.09441406816394,57.94876916857851,4.530555555555556
Eritrea,0.210964653,59.69359207,20412.66304347826,95.0,99.0,0.14,99.0,65.538,20.36395515,72.09441406816394,57.94876916857851,4.530555555555556
Estonia,12.35782429,2230.44165,33040.0,93.0,93.0,0.34,15.0,78.09268293,144.3413244,95.82552261,92.95386558,0.3
Eswatini,0.9246022429999999,708.291626,7840.0,90.0,89.0,16.8,502.0,58.318999999999996,93.52732251,72.09441406816394,57.94876916857851,4.530555555555556
Ethiopia,0.145300853,65.52737427,2010.0,69.0,59.0,0.23,164.0,65.872,37.2180717,10.95876046,6.074356692,4.530555555555556
Faroe Islands,4.140249228967392,1449.1322523124295,20412.66304347826,87.67213114754098,87.0327868852459,0.9936923076923078,109.91783505154638,82.29512195,117.14841409999998,72.09441406816394,57.94876916857851,4.530555555555556
Fiji,2.062772092,329.18988039999994,12370.0,99.0,96.0,0.23,51.0,67.252,117.8305767,72.09441406816394,57.94876916857851,4.530555555555556
Finland,7.808338601,4339.905761999999,47590.0,89.0,94.0,0.9936923076923078,4.9,81.63170732,129.9132285,99.63312064,84.09987264,0.1
France,4.727575622,5110.134277,45580.0,96.0,90.0,0.9936923076923078,9.0,82.57560976,106.4394347,99.06831255,78.639709,0.0
French Polynesia,4.140249228967392,1449.1322523124295,20412.66304347826,87.67213114754098,87.0327868852459,0.9936923076923078,22.0,77.251,104.2509652,86.23117227,57.94876916857851,4.530555555555556
Gabon,2.2762362869999997,493.92642209999997,14060.0,75.0,63.0,0.85,529.0,65.839,128.9816609,72.09441406816394,57.94876916857851,3.4
"Gambia, The",0.24391345600000003,82.34416199,2030.0,92.0,90.0,1.62,166.0,61.44,133.9723898,41.63303668,30.8082034,4.530555555555556
Georgia,2.583151735,734.5825195,12920.0,91.0,95.0,0.29,86.0,73.414,137.2607838,65.66411509,35.75669287,5.0
Germany,8.858293698999999,5930.576172,54210.0,93.0,97.0,0.06,6.8,80.99268293,132.7148699,99.98173998,97.03491046,4.530555555555556
Ghana,0.507529429,148.4199066,4860.0,99.0,95.0,1.17,152.0,63.463,126.20162140000002,36.34374531,11.93857292,4.530555555555556
Greece,6.211250006,2273.587891,28490.0,99.0,97.0,0.08,4.7,81.28780488,122.40093859999999,99.99999769,89.39438524,0.9
Greenland,4.140249228967392,1449.1322523124295,20412.66304347826,87.67213114754098,87.0327868852459,0.9936923076923078,116.0,70.62243902,110.3379898,96.74768436,91.42666624,4.530555555555556
Grenada,2.615581651,673.0030517999999,14470.0,96.0,85.0,0.9936923076923078,3.1,72.388,102.07713259999998,87.11526835,57.94876916857851,4.530555555555556
Guam,4.140249228967392,1449.1322523124295,20412.66304347826,87.67213114754098,87.0327868852459,0.9936923076923078,59.0,79.631,107.72459359056994,99.43870743,57.94876916857851,4.530555555555556
Guatemala,1.0262678570000001,474.80758669999994,8150.0,82.0,86.0,0.06,25.0,73.81,118.15854240000002,55.03622869,57.94876916857851,4.530555555555556
Guinea,0.246115273,101.1099167,2410.0,47.0,47.0,0.93,176.0,60.706,96.95447755,72.09441406816394,57.94876916857851,4.530555555555556
Guinea-Bissau,0.164100679,118.7853775,1930.0,88.0,86.0,1.76,361.0,57.673,78.4851311,23.31573379,10.62161617,4.530555555555556
Guyana,2.992706568,467.41693119999996,11980.0,97.0,99.0,0.79,84.0,69.624,82.97107151,72.09441406816394,57.94876916857851,4.530555555555556
Haiti,0.306855526,147.0072784,2990.0,64.0,69.0,0.88,181.0,63.29,57.41806456,72.09441406816394,57.94876916857851,4.530555555555556
Honduras,0.954500448,344.2052612,5220.0,89.0,96.0,0.12,37.0,74.898,87.32089987,72.09441406816394,48.5590408,15.4
"Hong Kong SAR, China",4.140249228967392,1449.1322523124295,62450.0,87.67213114754098,87.0327868852459,0.9936923076923078,68.0,84.68048780000001,251.7650057,100.0,85.95482746,4.530555555555556
Hungary,4.755839977,2003.7476809999998,28310.0,99.0,99.0,0.9936923076923078,7.7,75.81707317,102.2119005,92.54461744,86.90456800000001,0.6
Iceland,6.319161328,4739.734375,53920.0,89.0,92.0,0.08,4.5,82.66097561,119.9878586,99.99999601,78.81124984,0.0
India,1.7191902,253.4210205,6120.0,89.0,90.0,0.9936923076923078,204.0,69.165,87.31773719,72.09441406816394,39.88551213,4.530555555555556
Indonesia,2.01367107,352.1897583,10590.0,85.0,90.0,0.21,319.0,71.282,164.44059,72.09441406816394,57.94876916857851,4.5
"Iran, Islamic Rep.",7.694930979,1758.991455,14560.0,99.0,99.0,0.05,14.0,76.271,107.8997933,93.54765027,57.94876916857851,0.4
Iraq,4.641199885,722.6640014999999,10640.0,85.0,85.0,0.9936923076923078,42.0,70.294,88.98326332,58.39519541,42.36033706,4.530555555555556
Ireland,7.806734135,5616.831543,62640.0,95.0,92.0,0.15,7.3,82.15609756,103.0630014,97.20488918,82.45330285,0.2
Israel,7.579217977000001,3087.963379,38920.0,98.0,98.0,0.9936923076923078,3.3,82.55121951,127.85291529999999,99.44468698,92.69180272,4.530555555555556
Italy,5.437857548999999,3572.10083,41810.0,95.0,92.0,0.13,7.3,82.94634146,138.2337679,95.82368779,95.76461446,1.4
Jamaica,2.461613887,552.1261597,9330.0,93.0,95.0,0.97,5.2,74.267,105.8330321,72.09441406816394,57.94876916857851,4.530555555555556
Japan,9.085639143,4386.461426,42430.0,99.0,97.0,0.01,15.0,84.0997561,135.5186644,98.47042419,80.23911509,4.530555555555556
Jordan,2.667119021,749.821167,9950.0,99.0,93.0,0.01,6.7,74.292,99.15637314,79.20967263,81.68932227,4.530555555555556
Kazakhstan,12.50486756,806.7290039,22160.0,99.0,99.0,0.3,69.0,72.95,147.6397785,89.30041861,57.94876916857851,0.0
Kenya,0.37613637899999997,157.5978394,3970.0,82.0,89.0,1.48,319.0,65.90899999999999,85.25315693,72.09441406816394,57.94876916857851,4.530555555555556
Kiribati,0.70081382,239.9270477,4280.0,90.0,81.0,0.9936923076923078,422.0,67.851,40.4027751,13.87048947,25.67971129,4.530555555555556
"Korea, Dem. People's Rep.",0.8800692859999999,1449.1322523124295,20412.66304347826,97.0,99.0,0.9936923076923078,513.0,71.91,14.98240747,66.62582173,57.94876916857851,4.530555555555556
"Korea, Rep.",12.17536474,2929.065674,41120.0,97.0,97.0,0.9936923076923078,70.0,82.62682927,124.5854293,98.86057265,97.73700976,4.530555555555556
Kosovo,4.140249228967392,1449.1322523124295,10740.0,87.67213114754098,87.0327868852459,0.9936923076923078,109.91783505154638,71.99512195,107.72459359056994,72.09441406816394,57.94876916857851,0.4
Kuwait,22.11975932,3760.216064,58770.0,99.0,99.0,0.9936923076923078,28.0,75.311,176.00243490000003,100.0,100.0,4.530555555555556
Kyrgyz Republic,1.506889097,231.27180479999998,4800.0,92.0,95.0,0.19,124.0,71.2,136.8066442,68.41412484,92.03138774,1.1
Lao PDR,2.662148349,175.3018341,6870.0,69.0,72.0,0.24,168.0,67.277,53.38406897,16.73258115,57.93024836,4.530555555555556
Latvia,3.665855236,1704.413452,28580.0,98.0,96.0,0.9936923076923078,32.0,74.62926829,126.2941822,95.51932862,76.5155682,0.8
Lebanon,4.293649871,1081.2810060000002,15920.0,83.0,82.0,0.05,10.0,78.833,64.50864324,47.35856826,15.75475375,4.530555555555556
Lesotho,1.166608974,283.6983948,3030.0,87.0,90.0,12.67,681.0,52.946999999999996,113.83051869999998,25.63996095,42.14656281,27.2
Liberia,0.267958311,123.5618668,1380.0,84.0,87.0,0.63,308.0,63.295,56.56895266,72.09441406816394,57.94876916857851,4.530555555555556
Libya,8.632790044,1449.1322523124295,13690.0,96.0,94.0,0.07,40.0,72.52,91.47929620000001,72.09441406816394,21.61655428,4.530555555555556
Liechtenstein,4.232244412,1449.1322523124295,20412.66304347826,87.67213114754098,87.0327868852459,0.9936923076923078,109.91783505154638,83.74634146,122.7566138,100.0,98.75,4.530555555555556
Lithuania,3.966902878,2142.755371,32540.0,94.0,94.0,0.9936923076923078,51.0,75.4804878,153.27572719999998,94.44231092,93.35363524,1.0
Luxembourg,15.09216281,5870.35498,72410.0,99.0,99.0,0.9936923076923078,6.2,82.09512195,134.1420148,99.48274029999999,96.72498505,0.3
"Macao SAR, China",4.140249228967392,1449.1322523124295,112320.0,87.67213114754098,87.0327868852459,0.9936923076923078,70.0,83.98899999999999,328.7904463,99.97875,63.33450637,4.530555555555556
Madagascar,0.13687642,86.85874939,1540.0,74.0,60.0,0.37,233.0,66.311,34.14284,18.52658287,9.407308361,4.530555555555556
Malawi,0.084888716,121.00483700000001,1420.0,88.0,83.0,3.42,162.0,63.278999999999996,43.98651266,72.09441406816394,23.45407277,4.530555555555556
Malaysia,7.165808462,1114.6872560000002,25910.0,99.0,93.0,0.25,94.0,75.828,136.1163217,93.67531965,75.86281624,4.530555555555556
Maldives,3.6664128380000003,1347.387939,16630.0,99.0,99.0,0.9936923076923078,34.0,78.325,181.32884230000002,72.09441406816394,57.94876916857851,4.530555555555556
Mali,0.272789703,91.17798615,2170.0,77.0,70.0,0.44,55.0,58.452,119.0233265,72.09441406816394,17.82759777,4.530555555555556
Malta,3.2478701880000003,3891.494385,38300.0,98.0,91.0,0.9936923076923078,11.0,82.34634146,138.093955,99.99999695,91.86797469,0.2
Mauritania,0.887315176,181.2558289,5000.0,81.0,78.0,0.9936923076923078,97.0,64.464,95.13345958,72.09441406816394,57.94876916857851,4.530555555555556
Mauritius,3.305359031,1278.0935060000002,23540.0,94.0,89.0,1.34,12.0,74.51463415,145.4726338,72.09441406816394,57.94876916857851,0.2
Mexico,3.781215828,1071.986084,19210.0,85.0,76.0,0.27,23.0,74.947,91.62670695,42.67933349,50.058720799999996,4.530555555555556
"Micronesia, Fed. Sts.",1.525197154,426.59359739999996,3960.0,73.0,76.0,0.9936923076923078,156.0,67.618,20.73767035,72.09441406816394,57.94876916857851,4.530555555555556
Moldova,2.9617176219999997,481.33169560000005,12320.0,88.0,93.0,0.5,95.0,71.717,92.28905501,73.10522762,57.94876916857851,0.1
Mongolia,6.252834169,512.3093262,9720.0,99.0,99.0,0.03,428.0,69.509,124.805205,28.98186484,51.49591845,4.530555555555556
Montenegro,3.583060319,1449.1322523124295,20090.0,87.0,58.0,0.07,14.0,76.667,166.4651995,84.88910844,43.33861243,4.530555555555556
Morocco,1.852941845,439.5994263,7170.0,99.0,99.0,0.04,100.0,76.218,123.4247246,75.21948627,38.37603783,4.530555555555556
Mozambique,0.210129447,110.517334,1250.0,88.0,87.0,8.24,361.0,59.309,41.45170351,72.09441406816394,57.94876916857851,4.530555555555556
Myanmar,0.588207515,286.72555539999996,4600.0,89.0,83.0,0.9936923076923078,355.0,66.558,89.81715795,54.38439475,60.85804939,1.4
Namibia,1.802197016,920.4567261,9990.0,88.0,80.0,6.39,565.0,63.021,111.552451,72.09441406816394,57.94876916857851,4.530555555555556
Nepal,0.399165018,157.7546845,3600.0,90.0,90.0,0.06,253.0,70.169,130.629366,22.31621106,41.1154797,4.530555555555556
Netherlands,9.100887639,5498.881836,55510.0,94.0,93.0,0.05,5.2,81.76097561,120.62500109999999,99.97540088,97.49010655,0.2
New Caledonia,4.140249228967392,1449.1322523124295,20412.66304347826,87.67213114754098,87.0327868852459,0.9936923076923078,14.0,77.53902439,107.72459359056994,95.95694506,57.94876916857851,4.530555555555556
New Zealand,6.838956291000001,3815.657227,40700.0,94.0,93.0,0.05,7.4,81.65853659,136.1113084,98.19670075,81.30071781,4.530555555555556
Nicaragua,0.845752981,473.00387570000004,5690.0,98.0,99.0,0.21,44.0,74.068,128.1139122,55.31084506,57.94876916857851,4.530555555555556
Niger,0.09582274,77.6079483,1210.0,85.0,82.0,0.09,90.0,61.599,40.63849996,72.09441406816394,15.01045325,4.530555555555556
Nigeria,0.591596789,221.11015319999996,5030.0,55.0,54.0,0.76,219.0,53.95,75.92482161,20.60090577,28.73534958,4.530555555555556
North Macedonia,3.7752233910000004,1011.274292,15030.0,91.0,83.0,0.9936923076923078,13.0,75.589,96.44629481,77.92998941,12.34358909,4.6
Norway,6.992651841,6515.912109000001,66400.0,96.0,96.0,0.04,5.1,82.6097561,107.99306920000001,98.86851367,64.34303832,0.3
Oman,14.98094912,1651.551758,27770.0,99.0,99.0,0.9936923076923078,6.7,77.393,148.82162780000002,89.47486537,57.94876916857851,4.530555555555556
Pakistan,0.9509095470000001,152.1294861,4500.0,75.0,76.0,0.18,267.0,66.947,69.51482483,35.86274126,57.94876916857851,4.530555555555556
Panama,2.495882403,1688.3657230000001,28610.0,81.0,98.0,0.82,57.0,78.149,128.57297309999998,72.09441406816394,57.94876916857851,2.5
Papua New Guinea,0.912534407,97.06598663,4200.0,36.0,38.0,0.62,432.0,64.01,47.61771578,72.09441406816394,57.94876916857851,4.530555555555556
Paraguay,1.164982151,863.2098999,12170.0,91.0,92.0,0.23,43.0,73.992,108.7550409,63.75322402,58.12856063,0.9
Peru,1.7170044080000002,698.1608887,11930.0,83.0,83.0,0.23,119.0,76.286,123.75975449999999,50.43955682,45.39758923,3.4
Philippines,1.298718327,370.81732180000006,9020.0,72.0,73.0,0.22,554.0,70.952,114.0711091,46.777393599999996,57.095643200000005,4.530555555555556
Poland,8.237562431,1978.638062,28820.0,96.0,94.0,0.9936923076923078,17.0,77.75365854,132.9502666,97.15775102,90.15793759,0.3
Portugal,5.177519101000001,3084.172852,32270.0,98.0,98.0,0.18,20.0,81.42439024,114.34198500000001,95.36320932,82.78225037,0.4
Puerto Rico,4.140249228967392,1449.1322523124295,22940.0,87.67213114754098,87.0327868852459,0.9936923076923078,1.4,79.63453659,107.1352326,99.44614594,32.50916088,4.530555555555556
Qatar,32.17937063,3391.368408,91500.0,97.0,99.0,0.06,25.0,79.98100000000001,146.3838592,96.18278647,97.2,4.530555555555556
Romania,3.7827902439999996,1367.820801,26760.0,82.0,86.0,0.08,72.0,75.3097561,113.9718904,81.91580853,77.35901664,3.1
Russian Federation,10.77664459,1389.354126,25230.0,97.0,98.0,0.9936923076923078,59.0,72.45146341,156.187408,75.82369995,60.19327141,0.0
Rwanda,0.08763905400000001,144.00389099999998,1910.0,98.0,97.0,0.73,58.0,68.34100000000001,73.61026382,11.08864455,57.94876916857851,4.530555555555556
Samoa,1.535642257,361.7209168,6270.0,74.0,58.0,0.9936923076923078,18.0,73.046,63.58317294,46.18010707,47.74011009,4.530555555555556
Sao Tome and Principe,0.627758516,213.723053,3940.0,95.0,90.0,0.9936923076923078,117.0,69.933,84.00397897,35.10298649,31.29180774,35.6
Saudi Arabia,16.33476362,3760.2844240000004,48040.0,98.0,96.0,0.07,10.0,74.874,121.4789509,72.09441406816394,55.45596235,4.530555555555556
Senegal,0.620648569,143.3164063,3110.0,93.0,90.0,0.12,120.0,67.38,102.1986069,72.09441406816394,22.35530807,4.530555555555556
Serbia,6.680095225,1348.9592289999998,15540.0,95.0,86.0,0.05,19.0,75.53902439,123.14275459999999,74.94687277,18.28920415,5.4
Seychelles,6.155900796,1441.359375,25220.0,97.0,99.0,0.9936923076923078,19.0,74.3,173.49665,72.09441406816394,57.94876916857851,4.530555555555556
Sierra Leone,0.12953321199999998,255.29991150000004,1590.0,90.0,80.0,1.07,301.0,53.895,88.46989546,9.560322247,13.24676127,4.530555555555556
Singapore,8.451151436,4193.912109000001,88090.0,96.0,95.0,0.08,47.0,83.09512195,146.8437245,100.0,100.0,4.530555555555556
Slovak Republic,6.173665693999999,2093.5703129999997,29510.0,96.0,96.0,0.9936923076923078,4.8,77.16585366,130.6513152,99.08292453,82.12518895,4.530555555555556
Slovenia,6.842858166,2960.5932620000003,35850.0,94.0,93.0,0.02,6.2,81.02926829,117.66418130000001,98.27432091,68.07094176,0.0
Solomon Islands,0.550288508,110.61569209999999,2610.0,83.0,84.0,0.9936923076923078,73.0,72.645,73.1607653,72.09441406816394,57.94876916857851,4.530555555555556
Somalia,0.045239052,1449.1322523124295,860.0,42.0,46.0,0.02,266.0,56.708999999999996,48.79644016,72.09441406816394,28.8495718,68.6
South Africa,7.632729355,1090.085693,12320.0,76.0,70.0,10.09,738.0,63.538000000000004,155.23239569999998,72.09441406816394,57.94876916857851,4.530555555555556
South Sudan,0.13931184,147.8605957,20412.66304347826,47.0,50.0,2.26,227.0,57.365,25.56130126,72.09441406816394,57.94876916857851,4.530555555555556
Spain,5.654039569,3482.463379,39540.0,95.0,98.0,0.18,11.0,83.28292683,112.5612499,99.57931146,95.66605059999999,0.7
Sri Lanka,1.087017348,497.98007199999995,12250.0,99.0,99.0,0.01,64.0,76.648,133.4676273,72.09441406816394,57.94876916857851,4.530555555555556
St. Lucia,2.044707248,636.7132568,14150.0,80.0,87.0,0.9936923076923078,7.0,75.907,97.64581054,72.09441406816394,57.94876916857851,4.530555555555556
St. Martin (French part),4.140249228967392,1449.1322523124295,20412.66304347826,87.67213114754098,87.0327868852459,0.9936923076923078,109.91783505154638,79.62195122,107.72459359056994,96.69953854,57.94876916857851,4.530555555555556
St. Vincent and the Grenadines,2.458434251,507.44885250000004,12190.0,99.0,99.0,0.9936923076923078,2.1,72.3,105.4786164,72.09441406816394,57.94876916857851,4.530555555555556
Sudan,0.498365757,311.7604065,4270.0,95.0,90.0,0.15,77.0,64.881,70.18317784,72.09441406816394,57.94876916857851,4.530555555555556
Suriname,3.733560502,934.6161499,16260.0,67.0,76.0,0.56,28.0,71.46300000000001,139.50509730000002,55.09333127,26.10961233,4.530555555555556
Sweden,3.811011227,5635.541992,52850.0,97.0,97.0,0.9936923076923078,5.7,82.4097561,126.39519890000001,99.75401968,94.78554161,0.2
Switzerland,4.569419203,7928.174805,67870.0,96.0,95.0,0.07,7.2,83.55121951,131.1359393,94.24815119,99.63774647,0.0
Syrian Arab Republic,1.7021855069999998,1449.1322523124295,20412.66304347826,48.0,67.0,0.01,20.0,70.967,89.99935539,72.09441406816394,57.94876916857851,4.530555555555556
Tajikistan,0.717320532,232.1232452,3730.0,96.0,98.0,0.19,85.0,70.64699999999999,111.5281656,53.55591321,57.94876916857851,4.530555555555556
Tanzania,0.207828911,109.09073640000001,2470.0,90.0,90.0,3.03,269.0,64.479,73.09478999,72.09441406816394,24.1449869,49.4
Thailand,3.7662287130000003,686.5927124,16640.0,99.0,99.0,0.25,156.0,76.683,175.59649419999997,72.09441406816394,24.94249122,0.0
Timor-Leste,0.482602191,321.5744934,4470.0,83.0,77.0,0.18,498.0,69.007,125.20522690000001,72.09441406816394,57.94876916857851,4.530555555555556
Togo,0.268884387,101.4862747,2010.0,83.0,77.0,0.91,41.0,60.489,78.84556082,18.22711399,8.711846393,4.530555555555556
Tonga,1.764671281,348.1705933,6720.0,99.0,99.0,0.9936923076923078,12.0,70.70100000000001,105.8236436,29.47714403,34.68312286,4.530555555555556
Trinidad and Tobago,13.14249382,2186.641846,26540.0,89.0,93.0,0.15,17.0,73.245,146.7160721,72.09441406816394,57.94876916857851,4.530555555555556
Tunisia,2.614261782,874.3416138,10280.0,92.0,91.0,0.05,34.0,76.31,125.3697596,78.60573199,77.34910318,4.530555555555556
Turkey,5.127196701,1176.020508,27550.0,96.0,96.0,0.9936923076923078,17.0,77.161,95.91170472,72.09441406816394,76.50481763,0.1
Turkmenistan,12.49811773,1250.3178710000002,13620.0,99.0,99.0,0.9936923076923078,43.0,67.956,162.8611033,93.68088154,57.94876916857851,4.530555555555556
Uganda,0.141862619,132.2861939,2030.0,94.0,83.0,2.97,201.0,62.516000000000005,60.60467775,13.92501936,57.94876916857851,4.530555555555556
Ukraine,3.899968181,616.9468994,12140.0,50.0,86.0,0.47,84.0,71.78097561,131.3565115,88.87429325,69.68638742,0.0
United Arab Emirates,21.95061433,3031.245361,67670.0,97.0,99.0,0.16,0.8,77.64699999999999,208.9785999,72.09441406816394,95.87780128,4.530555555555556
United Kingdom,5.546265944,4473.07666,45180.0,94.0,92.0,0.9936923076923078,8.8,81.25609756,118.5404012,99.83813267,98.05412839,0.3
United States,14.80588242,10209.63086,61410.0,95.0,92.0,0.21,3.1,78.53902439,123.0448345,96.78265168,98.29928582,1.2
Uruguay,1.769167313,2163.464111,21730.0,93.0,96.0,0.33,31.0,77.632,148.3299827,72.09441406816394,57.94876916857851,0.1
Uzbekistan,3.438864292,415.9486389,6650.0,99.0,99.0,0.19,73.0,71.388,75.92497884,58.90380751,57.94876916857851,4.530555555555556
Vanuatu,0.595448671,86.24005890000001,3040.0,85.0,80.0,0.9936923076923078,51.0,70.172,79.86270183,72.09441406816394,57.94876916857851,4.530555555555556
"Venezuela, RB",5.058756948,783.4632568,20412.66304347826,66.0,96.0,0.21,45.0,72.24600000000001,83.30482214,72.09441406816394,22.42850216,4.530555555555556
Vietnam,2.348081292,406.3420105,6650.0,94.0,97.0,0.14,188.0,75.241,126.86612990000002,72.09441406816394,57.94876916857851,4.530555555555556
Virgin Islands (U.S.),4.140249228967392,1449.1322523124295,20412.66304347826,87.67213114754098,87.0327868852459,0.9936923076923078,109.91783505154638,79.36829268,107.72459359056994,97.93599355,57.94876916857851,4.530555555555556
West Bank and Gaza,4.140249228967392,1449.1322523124295,7250.0,87.67213114754098,87.0327868852459,0.9936923076923078,0.76,73.74,84.17979591,78.72343169,62.06461286,4.530555555555556
"Yemen, Rep.",0.361417938,1449.1322523124295,20412.66304347826,68.0,65.0,0.06,48.0,66.086,55.17502377,72.09441406816394,18.01167564,4.530555555555556
Zambia,0.41474798700000004,179.8637085,3330.0,94.0,96.0,7.96,361.0,63.043,79.73690961,72.09441406816394,57.94876916857851,4.530555555555556
Zimbabwe,0.7185704959999999,198.81242369999998,3210.0,89.0,90.0,4.58,221.0,60.812,98.98507333,29.99768293,26.57682351,33.9
